,x,y,t,xE,yE
0,405.70378137909114,777.2112488083891,0.0,0.08691629532746463,0.0006374965204740616
