time,radius,xPos,yPos
2024-02-18T10:52:38,470.52286110275156,511.42253309738084,511.2328709057465
