time,radius,xPos,yPos
2024-02-21T03:52:38,469.5947456114742,511.98914742791123,511.49769620785213
