time,radius,xPos,yPos
2024-02-18T05:58:38,469.8502174677454,511.9645372250989,511.5228316995235
