time,radius,xPos,yPos
2024-02-02T23:40:38,493.21111470620275,515.547024382069,509.64351784457193
