,x,y,t,xE,yE
0,492.3772408905195,462.16011423330275,0.0,0.009288368264295068,0.02089466877440185
1,115.74957277129023,365.0415123896326,1.0,0.08103344544753562,0.020285363176387922
2,811.609397151151,408.70711537163305,2.0,0.03013773256990124,0.009938891932840092
3,346.9284211723236,477.5626812212178,3.0,0.0012663276763760223,0.00018122121781516395
4,467.0150740484845,430.77889392892547,4.0,1.0481652510672355,0.48987120424644237
5,389.06796963168154,412.5835385246743,5.0,0.022194983794211302,0.027200496505267603
