,x,y,t,xE,yE
0,222.71895229558808,527.0411313614181,0.0,0.010459469117800529,0.005837243771079289
1,632.516203196847,264.75038318370923,1.0,0.0037968031530408544,0.003716517042565404
2,530.954955802144,736.5052661275155,2.0,0.027187054998843708,0.04830530105594529
3,345.63725904038273,685.5072463768116,3.0,0.017790013834057723,0.006027959471563629
4,328.4570694834771,710.1880511677488,4.0,0.036951140281818486,0.0012979446772679916
5,287.1655635009751,711.5740795461261,5.0,0.03709127875288864,0.019670453873914088
6,134.82690783514494,395.09632586050725,6.0,0.09481234442875622,0.016750263690273545
7,497.7000265664731,598.2538995787316,7.0,0.001613868060428919,0.015941691109621806
8,108.41931145777299,664.3671328671329,8.0,0.0193114577729915,0.032867132867090726
