time,radius,xPos,yPos
2024-02-21T13:52:38,470.3521416719175,511.4681279887613,511.2050690810381
