,x,y,t,xE,yE
0,925.0170832015185,621.9924074659918,0.0,0.017083201518516944,0.0075925340081539625
1,367.5212619125862,776.1384160368059,1.0,0.032543861691989105,0.13054202105786136
