time,radius,xPos,yPos
2024-02-22T04:52:38,469.42005070402325,511.93569931186096,511.52734177925015
