,x,y,t,xE,yE
0,932.2983744920286,415.7786808377618,0.0,0.04485336526807925,0.0040329504378394335
1,136.50413223140495,505.504132231405,1.0,0.004132231404952336,0.004132231404980757
2,211.23426623099874,453.590566841881,2.0,0.018697368723292675,0.026199625184854546
3,469.6121297602257,694.0634696755995,3.0,0.017740369644445322,0.06346967559954919
4,193.72641509433964,441.32361859838284,4.0,0.02558490566035698,0.03638140161716364
5,557.6849482023156,416.79514523664426,5.0,0.08313824756445029,0.030439354291318076
6,216.90938411487554,421.41998541619927,6.0,0.466972941819277,0.02674054285789274
7,165.6183236086176,396.29028276481154,7.0,0.15440366410967177,0.03763931311054166
