time,radius,xPos,yPos
2024-02-04T06:42:08,471.37688628244075,511.8716315225128,511.4314921837933
