,x,y,t,xE,yE
0,711.0,593.0,0.0,0.0,0.0
1,387.0652977412732,509.7934291581108,1.0,0.013573603342149845,0.20657084188917452
2,810.2981761459081,267.5608351331893,2.0,0.007167365542294514,0.042218301925203365
3,213.89763216983062,683.5870585833844,3.0,0.06113071676732304,0.1592235318380271
4,292.4807151780137,408.7316520924422,4.0,0.14785625055770393,0.11834790755782533
5,778.6090583376637,249.56901785958482,5.0,0.148532021874195,0.1546663509414977
