time,radius,xPos,yPos
2024-02-19T16:52:38,470.51249995423007,511.6150162399374,511.3879189946369
