time,radius,xPos,yPos
2024-02-09T03:40:38,485.6239939139802,512.2038922063731,511.9172192960511
