time,radius,xPos,yPos
2024-02-10T17:40:38,471.32410482247104,511.5805369451083,511.4065396262297
