time,radius,xPos,yPos
2024-02-08T20:04:38,488.3767922379708,511.5536728239277,515.5131184518905
