time,radius,xPos,yPos
2024-02-04T15:22:38,471.90203824697716,511.48694486892373,511.2473281225364
