time,radius,xPos,yPos
2024-02-03T15:40:38,472.0425799880153,511.43401389372565,511.22713373034446
