time,radius,xPos,yPos
2024-02-04T06:42:08,487.2633468345594,511.044359629071,509.5963531022439
