time,radius,xPos,yPos
2024-02-23T15:58:38,470.19597954991576,511.48008434838937,511.35920121159046
