time,radius,xPos,yPos
2024-02-02T23:40:38,471.4219053389791,511.9363204691159,511.5688465776094
