time,radius,xPos,yPos
2024-02-17T19:52:38,470.1231002543783,511.995641280281,511.47108382549936
