time,radius,xPos,yPos
2024-02-23T00:58:38,469.61750620453296,511.856798548144,511.5922679124697
