time,radius,xPos,yPos
2024-02-10T02:40:38,484.6948726049009,512.603178804024,511.22232214647084
