time,radius,xPos,yPos
2024-02-06T05:52:38,486.5998474894456,509.8418215208504,511.4012796975904
