time,radius,xPos,yPos
2024-02-02T16:10:38,472.0255531100768,511.45903001144376,511.34686563765763
