time,radius,xPos,yPos
2024-02-02T08:40:38,471.96484442864954,511.594228784518,511.46445490906723
