time,radius,xPos,yPos
2024-02-19T01:52:38,469.89819792183886,512.001626294237,511.5767394861418
