time,radius,xPos,yPos
2024-02-11T08:40:38,484.85044126556056,511.6295780520142,511.48062697362417
