time,radius,xPos,yPos
2024-02-17T14:52:38,470.8799259460972,511.65175455890017,511.2389226976528
