time,radius,xPos,yPos
2024-02-23T10:52:38,470.07916485762286,511.3623787859403,511.28520157782395
