,x,y,t,xE,yE
0,380.93917770981983,481.19435949711163,0.0,0.04456212757854359,0.033282779311130196
1,836.2024500322373,407.1162153449388,1.0,0.08137379905340948,0.013829498110547192
2,296.75067920585155,610.6484848484848,2.0,0.01855156337921489,0.002331002330980972
3,132.33492512675392,368.0775262351138,3.0,0.09626753379654276,0.05091413185868309
4,527.7222805543889,461.28926921461573,4.0,0.1594898567145122,0.1386377621284573
5,419.30599235019116,414.7018699532511,5.0,0.7318864376876266,0.07464519826404649
6,500.1346648742078,430.276089879009,6.0,0.08979861018706507,0.05781866283739824
