time,radius,xPos,yPos
2024-02-11T23:40:38,470.59387254069736,511.90732366886675,511.5643115934792
