time,radius,xPos,yPos
2024-02-20T22:52:38,469.763238975165,511.9991524642137,511.58130186804357
