time,radius,xPos,yPos
2024-02-11T01:10:38,485.0285023943502,511.71356179364284,511.66124113475774
