,x,y,t,xE,yE
0,359.4651162790698,757.9744186046512,0.0,0.034883720930224626,0.025581395348808652
1,366.4943402900601,691.9409267775027,1.0,0.08611948005483393,0.015639421180842862
2,880.8016597510373,427.39522821576764,2.0,0.0067879561654827295,0.015028194488765257
3,109.52089407191448,388.5853579527049,3.0,0.0936892614188499,0.024017047295103566
4,454.58612059158133,415.03003412969287,4.0,0.028133720684178982,0.29819344142310866
5,140.87403653460768,417.681478341298,5.0,0.6355557915314057,0.21984764585432967
6,853.454718176061,236.7853071564281,6.0,0.08841780976059836,0.10480273368178644
