,x,y,t,xE,yE
0,386.3264108649789,776.3838343881857,0.0,0.08981950151322156,0.13252548766217245
