time,radius,xPos,yPos
2024-02-06T21:40:38,486.100037250975,511.7918952770815,512.1597372083856
