time,radius,xPos,yPos
2024-02-07T20:52:38,485.69265438191366,511.6976220780774,511.47002374891827
