,x,y,t,xE,yE
0,102.84627611262488,688.7792915531334,0.0,0.0015499743316438428,0.018421987915970654
1,425.3827596139998,778.4725622929572,1.0,0.08970048803577058,0.2334877428286153
