,x,y,t,xE,yE
0,456.4567901234568,512.5802469135803,0.0,0.04320987654318742,0.08024691358025393
1,842.5637130801688,264.0618846694795,1.0,0.010521590807079616,0.0019451177545173528
2,269.58485446472616,687.682905772077,2.0,0.005389437712861076,0.14144235744284608
3,353.28805474906676,412.1754458730817,3.0,0.19446273345072296,0.047240744876556814
4,87.9458364858249,405.39481062797626,4.0,0.3134955377507402,0.00990449972511914
5,812.2799637511696,245.15917329279705,5.0,0.17113418238108816,0.1385679803035663
