time,radius,xPos,yPos
2024-02-11T08:40:38,470.9280798732708,511.5605790567218,511.380247829734
