time,radius,xPos,yPos
2024-02-19T21:52:38,469.8638968287973,511.90404293009306,511.55738628650965
