time,radius,xPos,yPos
2024-02-18T00:58:38,470.10652573793726,512.0848391432448,511.64985982677234
