time,radius,xPos,yPos
2024-02-09T11:40:38,486.1579520523271,510.47665160495194,511.8385728274545
