,x,y,t,xE,yE
0,485.65663404224006,780.0401059680623,0.0,0.07721608695890925,0.07886565798481543
1,128.30618724983788,700.1362670781065,1.0,0.18357066450104378,0.1008853276409212
