time,radius,xPos,yPos
2024-02-09T11:40:38,471.5589435808696,511.4377705846229,511.2723564062809
