time,radius,xPos,yPos
2024-02-03T08:10:38,481.3753348469237,514.4871225265662,506.3162774882597
