time,radius,xPos,yPos
2024-02-02T08:40:38,498.08551147663144,511.62414864721615,511.483347780506
