,x,y,t,xE,yE
0,279.0103118712274,470.9694416498994,0.0,0.010311871227372649,0.03055835010059127
1,418.5562082157901,460.1895892104958,1.0,0.021569561987684612,0.0007003216069076895
2,326.41663372598623,410.36595778322396,2.0,0.0350082842901172,0.023201599478378954
3,89.05712319339298,358.53613214039916,3.0,0.05712319339298233,0.036132140399161024
4,396.7275993038734,432.1753486512547,4.0,1.6452556103231917,0.5833049695074245
5,755.4332269531149,412.71679510132066,5.0,0.037167783727251213,0.009558259215393
