time,radius,xPos,yPos
2024-02-10T02:40:38,470.284530285209,511.8306234725816,511.63013412374414
