,x,y,t,xE,yE
0,901.0130105900151,422.23630862329804,0.0,0.013010590015142043,0.013691376701956416
1,862.8164084911069,237.38190858672777,1.0,0.016408491106926704,9.040490959312758e-05
2,402.91895137082247,693.3257954772863,2.0,0.01287402275617113,0.20424851596033902
3,163.38199965183082,422.03487494922535,3.0,0.6566968858473836,0.28742077407260586
4,491.2291690877397,415.6567112144102,4.0,0.13948433389384818,0.21304595998271286
5,127.28633258943667,390.8513559207412,5.0,0.12919252471858297,0.08471713861954609
