time,radius,xPos,yPos
2024-02-20T07:52:38,470.07054366869147,511.7898750424331,511.36778981839433
