time,radius,xPos,yPos
2024-02-17T09:52:38,470.55707142423205,511.7047736619549,511.25905401988445
