time,radius,xPos,yPos
2024-02-22T14:52:38,470.35464673341943,511.46514799377826,511.1819885186587
