time,radius,xPos,yPos
2024-02-03T08:10:38,472.24394931884757,511.695465173104,511.4692897010959
