time,radius,xPos,yPos
2024-02-09T19:10:38,485.65661563438374,511.94223972423754,511.27676813850474
