time,radius,xPos,yPos
2024-02-02T16:10:38,494.3714655862228,510.0261162655034,507.26108499255514
