,x,y,t,xE,yE
0,101.9140625,361.6897865853659,0.0,0.09899400684931507,0.05964959906451014
1,454.4063325853902,461.15931189229616,1.0,0.28643849894714646,0.29786610916362927
2,784.8034825119956,410.4427980806953,2.0,0.027452739802921684,0.00035203752982973215
3,313.2952402168263,473.9914606074107,3.0,0.01092649133610456,0.011068450547970413
4,433.25666220918635,431.46418623894556,4.0,0.8426591650463139,0.09508426025453807
5,357.62456985547146,410.8501130665618,5.0,0.03320772922561643,0.00958150509999529
