time,radius,xPos,yPos
2024-02-17T04:52:38,470.5084554841105,512.1248035869496,511.4731645036114
