,x,y,t,xE,yE
0,445.38621887666477,779.1595251881877,0.0,0.04386027900805271,0.20965711430904405
1,109.70446791226647,693.7662063363119,1.0,0.059790642866613744,0.05898200171117823
