time,radius,xPos,yPos
2024-02-22T09:52:38,470.03942128686157,511.54319654748014,511.284787320127
