time,radius,xPos,yPos
2024-02-06T21:40:38,471.04407157206293,511.8360733618193,511.6758791991361
