,x,y,t,xE,yE
0,465.635385856413,779.7085237967196,0.0,0.09041231143945008,0.08683067502652458
1,117.54910299003322,697.6842303433001,1.0,0.14191997447617477,0.0600132243021867
