time,radius,xPos,yPos
2024-02-08T12:40:38,484.9906353615134,513.0303841198823,511.3338968816937
