,x,y,t,xE,yE
0,160.61215932914047,508.75576519916143,0.0,0.019566736547875295,0.01502445842068996
1,137.60850111856823,455.1409395973154,1.0,0.043283727263879815,0.0329734461628376
2,222.26430460810246,445.6713072532368,2.0,0.03741385179994258,0.009365015670744301
3,245.1604097083055,456.5048764195057,3.0,0.010409708305508048,0.0006791360498495022
4,506.4723626218107,694.6140875823864,4.0,0.03557388612580506,0.005621973920837763
5,189.32530497341259,400.035866958607,5.0,0.08967278950453926,0.044487648262188796
6,246.6084625311256,423.24174376124614,6.0,0.1859430216495791,0.05034096562119423
7,594.5314546537011,416.5833167956605,7.0,0.010686576367261544,0.016118617983956297
