time,radius,xPos,yPos
2024-02-06T14:10:38,486.7794763043223,512.495959884602,512.6143547513705
