,x,y,t,xE,yE
0,211.93520518358534,514.1187904967601,0.0,0.026114274494429678,0.02788140585099344
1,310.03426651735725,459.11646136618134,1.0,0.014911678647575305,0.12936459198779213
2,659.7685523114354,415.9895579886456,2.0,0.06565821488036125,0.16044201135442732
3,280.29544827586204,448.67034482758635,3.0,0.06352608311231606,0.05615089890937855
4,576.2427272727273,694.850909090909,4.0,0.03033789219630589,0.06059533386976192
5,303.1609080574598,426.9947638568328,5.0,0.9062935473546649,0.1462182199220442
6,187.3475524475524,461.65291375291366,6.0,0.03294570597936885,0.0349362248237743
7,238.4403728023724,405.04081056273384,7.0,0.08040282089630377,0.0075695655039219115
