,x,y,t,xE,yE
0,421.6324324324325,511.7918918918918,0.0,0.17312312312306077,0.04144144144153946
1,827.8993435448577,266.012792459182,1.0,0.04568500827237707,0.04818315057411698
2,240.7934495509773,685.8452192287375,2.0,0.02005053619897496,0.017633021840953826
3,796.677197766858,247.8871337055237,3.0,0.14468458583861168,0.13571339465205204
4,81.07222257112353,401.73924511712625,4.0,0.051234218999924315,0.004677215891677177
5,322.35881172219996,410.79975913287836,5.0,0.16725462851094086,0.159948706338079
