time,radius,xPos,yPos
2024-02-21T18:58:38,470.1796697596795,511.858137033665,511.4909526612312
