time,radius,xPos,yPos
2024-02-10T10:10:38,471.1888927400676,511.49375334806945,511.33515854053746
