time,radius,xPos,yPos
2024-02-08T04:22:38,470.7811544125939,511.980161694696,511.5599856815163
