time,radius,xPos,yPos
2024-02-08T04:22:38,484.32675546113063,512.2368736332689,514.0892322483666
