,x,y,t,xE,yE
0,335.8836754643206,609.0322580645161,0.0,0.11632453567938228,0.032258064516099694
1,370.6580393547244,609.7092714057793,1.0,0.04927771844633736,0.22959660903133708
2,169.84965847987212,373.61422758320015,2.0,0.04993991370217846,0.056455147723547414
3,179.70359848484847,621.3797348484848,3.0,0.08908444198079808,0.02270417590548499
4,483.695559350982,419.3650725875321,4.0,0.008986103563431285,0.04401832155881183
5,452.25477707006377,487.48025477706994,5.0,0.020083192512746633,0.1728064474198511
6,604.5672588832488,452.8578680203046,6.0,0.06917459206102959,0.04560748390611178
7,567.8929665143833,429.9181685827602,7.0,0.7157865514890123,0.16902993300975583
8,880.0028996713704,401.55151749468394,8.0,0.0699728421021219,0.05214104190143067
