time,radius,xPos,yPos
2024-02-06T05:52:38,470.7682106613434,511.80748174993477,511.51329012676035
