time,radius,xPos,yPos
2024-02-07T05:04:38,470.7807291255545,511.8691490421867,511.5997815651188
