time,radius,xPos,yPos
2024-02-05T22:22:38,471.0895796778893,511.9246194759221,511.57842220508314
