time,radius,xPos,yPos
2024-02-09T19:10:38,471.3847245062654,511.695658646816,511.440198254634
