time,radius,xPos,yPos
2024-02-05T14:52:38,487.3462596874107,509.30929622618174,510.9079211556506
