time,radius,xPos,yPos
2024-02-20T02:52:38,469.6021748356567,512.1300396184383,511.5780529729959
