time,radius,xPos,yPos
2024-02-21T08:58:38,470.0256698166185,511.65858595512174,511.32880100026733
