time,radius,xPos,yPos
2024-02-05T06:22:38,471.3408812089312,511.7468022005966,511.4253404187136
