,x,y,t,xE,yE
0,918.1108789525002,419.99832845800256,0.0,0.056531126413272875,0.012541107214830212
1,435.65035140562253,694.1762048192771,1.0,0.15484339957227528,0.012106869034556591
2,525.010640785781,416.6433582787652,2.0,0.1677204317986918,0.08009304866840893
3,187.09910031662676,425.5711058769016,3.0,0.670130452604009,0.21579452159022824
4,145.05522577909693,392.88658045367833,4.0,0.10702587653220981,0.10679702976537424
