time,radius,xPos,yPos
2024-02-11T23:40:38,484.9776403231451,511.70465791003124,511.56987913939076
