time,radius,xPos,yPos
2024-02-10T10:10:38,485.10701480095867,511.6151184035666,511.4438683609115
