time,radius,xPos,yPos
2024-02-08T20:04:38,471.364691097107,511.94809755826975,511.5498966302774
