time,radius,xPos,yPos
2024-02-10T17:40:38,485.25321966701,511.57495611211954,511.5040123758163
