time,radius,xPos,yPos
2024-02-03T23:04:38,471.32250896673804,511.93383757146466,511.6364501640743
