time,radius,xPos,yPos
2024-02-19T06:52:38,470.11650052887694,511.93359018948576,511.3750844112433
