time,radius,xPos,yPos
2024-02-04T22:52:38,485.27966152295755,512.81460063341,512.0945233809374
