time,radius,xPos,yPos
2024-02-03T15:40:38,483.1110941985381,512.7115371620941,516.8208960036281
