,x,y,t,xE,yE
0,78.48958333333333,355.0,0.0,0.010416666666671404,0.0
1,382.4829845530715,459.66965810268835,1.0,0.0032032922323640615,0.012199539152433422
2,296.026982011992,408.7623489102503,2.0,0.04845440463004093,0.0016127139312770767
3,247.59824771604013,467.763965852928,3.0,0.01495983112967683,0.009619052732396
4,365.3840014138869,431.5300764525122,4.0,0.1508245750762508,0.055995534968219254
5,725.2135155255637,413.86292356091354,5.0,0.0018690898209080423,0.0016918237018412935
