time,radius,xPos,yPos
2024-02-05T06:22:38,485.1251959549779,510.97192779531605,512.062815133339
