time,radius,xPos,yPos
2024-02-23T20:52:38,469.4404905642617,511.88976238625725,511.6029577946439
