time,radius,xPos,yPos
2024-02-21T23:52:38,469.6732617179046,512.0037205986416,511.5209458147565
