,x,y,t,xE,yE
0,614.0,694.0,0.0,0.0,0.0
1,347.46529840669723,459.28868485012146,1.0,0.11640093970799933,0.1165439080484788
2,218.09244558258644,464.21843790012804,2.0,0.10143196843397251,0.02456034910762949
3,695.0161259173426,414.8974507531866,3.0,0.17813709052696355,0.09696265463462521
4,267.90169611935,406.92114377053554,4.0,0.0348597718886783,0.09094082160947857
5,333.4266675334807,431.0367962553634,5.0,0.9906164171365593,0.338853868532137
