,x,y,t,xE,yE
0,153.49862763037513,617.6916742909424,0.0,0.0013723696248746364,0.014208061998789056
1,333.2357156185856,608.9295390931144,1.0,0.023155232112142928,0.0028280566440684555
2,150.35536023317243,370.7241096639038,2.0,0.04800092581312612,0.005494945289070554
3,416.7108964341526,484.10441824122745,3.0,0.017258905653251822,0.0023778752774048983
4,563.9410477652498,458.8049512113352,4.0,0.041668284132938535,0.04445738417471484
5,451.67038289698945,416.9087227024093,5.0,0.023258721507658193,0.012768945183873222
6,533.7555596301438,429.74408020535924,6.0,0.12012095061844325,0.026294361439094367
7,858.8805303068348,404.57610606136694,7.0,0.032290205985741637,0.0017470870079685087
