time,radius,xPos,yPos
2024-02-08T12:40:38,471.7454878064627,511.60941819368884,511.2470984145304
