time,radius,xPos,yPos
2024-02-05T14:52:38,471.9484892733462,511.4364193534977,511.22572948571695
