time,radius,xPos,yPos
2024-02-07T13:22:38,485.7307301669778,511.64506399295925,511.72309745460245
