,x,y,t,xE,yE
0,302.35764339475736,689.5878536205554,0.0,0.11095563905906461,0.0661144901206102
1,103.02022730594942,411.3858536763631,1.0,0.3978517900957787,0.07653164246482196
2,389.05135687189966,413.58749148915484,2.0,0.041769513909655984,0.08434886561234081
3,827.833204957636,240.17558294237097,3.0,0.0919650654526966,0.12630385008186457
