time,radius,xPos,yPos
2024-02-04T15:22:38,486.4548891514119,511.2545599722787,511.1345449597874
