time,radius,xPos,yPos
2024-02-18T20:52:38,470.4338524681134,511.6803080622625,511.5151300267574
