time,radius,xPos,yPos
2024-02-11T01:10:38,470.68934666532647,511.77827791508776,511.5652243620533
