time,radius,xPos,yPos
2024-02-11T16:10:38,471.27337552345745,511.51677301558584,511.2842780197793
