time,radius,xPos,yPos
2024-02-11T16:10:38,485.12228752704635,511.6426391474897,511.53885200993346
