time,radius,xPos,yPos
2024-02-20T12:52:38,470.44681393344285,511.5870608658992,511.18213239361603
