time,radius,xPos,yPos
2024-02-07T05:04:38,487.3924395794513,514.2703763787563,510.20029230445164
