time,radius,xPos,yPos
2024-02-18T15:52:38,470.49437314333625,511.1685149247952,511.2264325987756
