time,radius,xPos,yPos
2024-02-03T23:04:38,486.39008120484107,511.70766757793723,511.8246979836733
