time,radius,xPos,yPos
2024-02-04T22:52:38,471.18537639268067,511.93842170880094,511.56463449978463
