,x,y,t,xE,yE
0,860.3625039923347,432.3839029064197,0.0,0.004162674331943587,0.017236239753011282
1,95.49870129870129,386.6578849721707,1.0,0.06507298011722097,0.04726550314412875
2,122.07889943018698,414.27598770019966,2.0,0.37340204798802623,0.11275575529771767
3,333.9493835171966,690.5127839065542,3.0,0.042790110603215914,0.014688620918322669
4,422.8085040766369,414.15581812224127,4.0,1.3041181117246128,0.8485678426710095
5,841.2572809466272,238.6804716470147,5.0,0.12470663101250412,0.1618381066420416
