time,radius,xPos,yPos
2024-02-20T17:58:38,469.8100459280148,511.7676659045601,511.3488585133227
