time,radius,xPos,yPos
2024-02-07T20:52:38,470.98891586312493,511.9554318898847,511.53002426866254
