time,radius,xPos,yPos
2024-02-22T19:58:38,470.10357411752585,511.72663060798095,511.44774942496105
