,x,y,t,xE,yE
0,185.65337809483844,512.2513638271087,0.0,0.03433047579082562,0.013268589013423914
1,162.42520858164482,458.5622765196663,1.0,0.005853742935146916,0.013889422892090456
2,516.842538593482,758.9993138936535,2.0,0.01645163696026509,0.0006861063465066763
3,250.24174934197205,447.0787608827698,3.0,0.004013369892353891,0.005984879942050773
4,275.50598372427,458.4649353757779,4.0,0.005983724269981394,0.011987701145192904
5,213.23642318714928,402.8366929171784,5.0,0.08516268294760411,0.03557246899915327
6,540.8086650945577,694.60202524622,6.0,0.002415094557682096,0.004224753779976709
7,627.5201665273008,416.4653690821428,7.0,0.0006543321788790198,0.001954447996444642
8,275.06000957331565,425.0528715748104,8.0,0.17423371124668807,0.015016356224072264
