time,radius,xPos,yPos
2024-02-05T22:22:38,486.3262007854441,510.79185677404456,511.28776229358533
