,x,y,t,xE,yE
0,163.5188897455667,497.50192752505785,0.0,0.018889745566696092,0.0019275250578516534
1,314.6476683937824,683.8398029389281,1.0,0.03308506044906304,0.016886272261407008
2,461.8771066588097,598.958750736594,2.0,0.011782230079208804,0.012248678980801309
3,608.6717402333841,266.40984271943177,3.0,0.003259766615929038,0.00265728056823491
4,194.72873808329152,524.1488334169594,4.0,0.043023797577231855,0.013119131245119726
5,496.7739723016048,736.7719059133875,5.0,0.03049697213824483,0.004630399461648546
6,299.48432803778445,708.8711535709174,6.0,0.0036413425054808144,0.008492626711377294
7,260.4571925126072,710.7700789196274,7.0,0.0903093957240905,0.05784315829468342
8,116.58105975938466,392.7524488856748,8.0,0.14809886552990942,0.009432125898286221
