time,radius,xPos,yPos
2024-02-19T11:52:38,470.0139647642661,511.57306981098276,511.17893880234806
