time,radius,xPos,yPos
2024-02-06T14:10:38,471.8186931074231,511.3413440826367,511.33767970429534
