time,radius,xPos,yPos
2024-02-07T13:22:38,471.3151037296724,511.48631522113146,511.15267272085947
