time,radius,xPos,yPos
2024-02-23T05:52:38,469.91384620334765,511.7489338218138,511.4312743787845
