time,radius,xPos,yPos
2024-02-09T03:40:38,470.6863446711229,512.0329092537685,511.643789054815
