time,radius,xPos,yPos
2025-08-03T08:40:38,469.22545338723415,511.6287669312191,511.5103943057325
