time,radius,xPos,yPos
2025-08-16T01:28:38,471.7540918798615,511.94103630381693,511.3973352452305
