time,radius,xPos,yPos
2025-08-07T14:58:38,469.7342360760897,511.5291782693222,511.33930083015053
