time,radius,xPos,yPos
2025-08-03T08:40:38,456.69701513509983,511.5891900254935,511.2963060122048
