time,radius,xPos,yPos
2025-08-03T08:40:38,469.2824519972624,511.34689460178447,510.8949162950101
