time,radius,xPos,yPos
2025-08-15T15:22:38,470.8191379069353,511.58484868848194,511.4894296608718
