time,radius,xPos,yPos
2025-08-03T18:40:38,469.7465614141209,511.66648648025017,511.43631900334753
