time,radius,xPos,yPos
2025-08-11T01:10:38,456.9881938425752,511.86157015246744,511.4863764818
