time,radius,xPos,yPos
2025-08-15T15:22:38,457.55327946780176,511.1689835183801,511.0430642074342
