time,radius,xPos,yPos
2025-08-13T03:10:38,457.43160337509664,511.86718866328255,511.49720932267854
