time,radius,xPos,yPos
2025-08-03T18:40:38,469.39834582146966,511.6383982128119,511.5530400409194
