time,radius,xPos,yPos
2025-08-13T23:22:38,457.1738052553124,511.881719071291,511.5224782561094
