,x,y,t,xE,yE
0,407.40594059405936,515.6935407826497,0.0,0.06560412138779524,0.23012614850339247
1,447.46287681429106,503.2386490509863,1.0,0.252912659393146,0.10871937006634932
2,887.9106276747503,580.1332382310983,2.0,0.1262240050255737,0.0002107081625095449
3,719.1666666666666,361.72119047619043,3.0,0.03968253968257758,0.08436507936512624
4,928.6621823617337,576.9287250720041,4.0,0.08987466942600629,0.07334045661949753
5,435.06145374449346,564.1500000000001,5.0,0.08084645043831125,0.18703703703712796
