time,radius,xPos,yPos
2025-08-16T01:28:38,470.8214356338945,511.69097557114577,511.52815111218933
