time,radius,xPos,yPos
2025-08-11T21:10:38,470.0248898887725,511.81483193210687,511.50175492063255
