time,radius,xPos,yPos
2025-08-04T15:40:38,457.3010172360306,511.3900593779876,511.0771954349338
