time,radius,xPos,yPos
2025-08-04T15:40:38,469.3936377704196,511.630079635185,511.4209278161065
