time,radius,xPos,yPos
2025-08-14T19:28:38,457.3891790187786,511.6272031123568,511.35677906707355
