time,radius,xPos,yPos
2025-08-06T18:52:38,469.4598622885834,511.59040977189727,511.49773164249154
