time,radius,xPos,yPos
2025-08-05T22:28:38,456.4986301193669,511.74549244924134,511.41235187470727
