time,radius,xPos,yPos
2025-08-06T08:52:38,468.2484645872881,509.0311882496035,511.2053272383226
