time,radius,xPos,yPos
2025-08-08T00:52:38,468.5606748653073,509.10083749846484,511.1925549643366
