time,radius,xPos,yPos
2025-08-08T21:28:38,470.1638227573256,511.72080846393567,511.4903433621457
