,x,y,t,xE,yE
0,1753.1872909698998,1384.772575250836,0.0,7.189622702267153,6.659048491556372
1,2386.0632008154944,1400.0570846075434,1.0,10.79708504237475,9.31632369109213
2,1611.6166281755197,2121.875288683603,2.0,8.23575266063465,8.466653184150173
3,2461.2574257425745,1326.6201620162017,3.0,11.898928399800033,7.988724523082765
4,1618.9027777777778,1521.9722222222222,4.0,3.383619537246986,3.3849020264100798
5,2809.8837209302324,1368.1162790697674,5.0,1.845286923244407,1.8452869232444067
6,1563.3216374269007,1996.93567251462,6.0,3.569944338780514,3.810030158789032
