time,radius,xPos,yPos
2025-08-03T18:40:38,456.62289794475,511.7947873098904,511.21768500472893
