time,radius,xPos,yPos
2025-08-11T01:10:38,470.0826472793522,511.7557043441475,511.55931169521705
