time,radius,xPos,yPos
2025-08-14T19:28:38,471.08611068410363,511.8150324856329,511.5256951830137
