time,radius,xPos,yPos
2025-08-08T21:28:38,456.67416396277986,511.89379413651847,511.39370958887827
