time,radius,xPos,yPos
2025-08-07T14:58:38,470.10021816546896,511.5702155488698,511.31501765958757
