time,radius,xPos,yPos
2025-08-13T03:10:38,470.31703550249176,511.71505457829807,511.55717076165024
