time,radius,xPos,yPos
2025-08-06T18:52:38,469.9718232001649,511.63950847595737,511.49176292698843
