time,radius,xPos,yPos
2025-08-08T00:52:38,456.85726781601926,511.7435308741783,511.43037677816136
