time,radius,xPos,yPos
2025-08-11T01:10:38,470.50759564818975,511.83530544425753,511.5077143473846
