time,radius,xPos,yPos
2025-08-15T15:22:38,457.4851770925306,511.037604309861,511.0283759382163
