time,radius,xPos,yPos
2025-08-16T01:28:38,457.33840020272623,511.7490365145141,511.4783124255282
