time,radius,xPos,yPos
2025-08-11T21:10:38,470.1487947431888,511.6243691280818,511.4877394904951
