,x,y,t,xE,yE
0,676.5695852534562,360.57200460829495,0.0,0.045240684167849606,0.06469951155524069
1,399.22764368814035,504.76610522660195,1.0,0.33242698323774617,0.1367216285217245
2,859.0280250387643,573.4899213231495,2.0,0.06456988926266526,0.014838266671068804
3,361.6965562053281,518.1254061078622,3.0,0.06058665181477798,0.1254061078622044
4,388.8163705453426,565.9341686351032,4.0,0.01872459207813968,0.025077726012310123
5,904.2553793702359,572.6157408896466,5.0,0.12588296735821652,0.0473955659056375
