time,radius,xPos,yPos
2025-08-07T14:58:38,457.5476488304262,511.2556517573768,511.02548435308125
