time,radius,xPos,yPos
2025-08-05T22:28:38,469.3438661432264,511.92188214072405,510.8824173494922
