time,radius,xPos,yPos
2025-08-13T23:22:38,470.25670662585753,511.7553352708311,511.57723457825256
