time,radius,xPos,yPos
2025-08-07T04:52:38,469.78751019152634,511.6802657762815,511.51535704952107
