time,radius,xPos,yPos
2025-08-08T00:52:38,469.77765792290836,511.7989236737754,511.52156185231064
