,x,y,t,xE,yE
0,280.15418261344996,521.2072170585019,0.0,0.08966648441770346,0.05084745762713561
1,592.3921976954047,358.5683742884908,1.0,0.01804803554071574,0.13910870470646328
2,311.5596431527637,508.79214568196454,2.0,0.7437276337531274,0.07302285736130194
3,795.0073295607654,565.7152250067368,3.0,0.10431231938604596,0.016949144667807624
4,305.85903439367036,570.2797513321493,4.0,0.2086511958492945,0.07832727047077032
5,845.2320511439141,564.2645189096003,5.0,0.13698715853930585,0.06707832459112902
