time,radius,xPos,yPos
2025-08-05T22:28:38,456.53336942977126,511.8115586102265,511.42476638543843
