time,radius,xPos,yPos
2025-08-04T04:52:38,469.57657086348456,512.0763596920465,512.1408973421242
