time,radius,xPos,yPos
2025-08-06T08:52:38,469.1612164008511,511.3997091186908,511.37253341148016
