,x,y,t,xE,yE
0,618.8502170767003,493.2185238784371,0.0,0.1497829232996537,0.006828234238945486
1,162.23052033808764,659.970681458003,1.0,0.025889918322612913,0.026237013558569642
2,849.0120638215071,350.57828512128674,2.0,0.08523455321444377,0.02334089497342268
3,822.0127376425858,337.2032319391636,3.0,0.10174287818785617,0.03045707005362476
4,857.9844401222557,373.88816337871606,4.0,0.035287579882823966,0.010141706029704607
5,617.1972208270552,562.2163067135443,5.0,0.20737311131912126,0.17400552911116293
6,648.8320013048442,509.03465992497144,6.0,0.13859667026309272,0.09546485221216473
7,591.0776414576086,509.0620765427578,7.0,0.0651022726556146,0.18557236006353847
