time,radius,xPos,yPos
2025-08-06T08:52:38,456.79618814185864,511.3622041355993,511.22904803652864
