time,radius,xPos,yPos
2025-08-04T04:52:38,456.80290656255596,511.94905068972616,511.4078311138727
