time,radius,xPos,yPos
2025-08-14T19:28:38,470.54106694142104,511.734528086476,511.5132502972172
