time,radius,xPos,yPos
2025-08-05T22:28:38,469.86229469435926,511.7281559048058,511.6500331414737
