time,radius,xPos,yPos
2025-08-13T03:10:38,470.0452372500546,511.75451507361026,511.5566779333009
