,x,y,t,xE,yE
0,1788.6342592592594,1617.2175925925926,0.0,5.418634890904976,12.652545701277198
1,1747.548969072165,702.8298969072165,1.0,5.558051090704233,5.5651653109162424
2,2435.659090909091,2043.4823232323233,2.0,5.713040477432839,5.572949698316441
3,2025.6632996632998,1681.6700336700337,3.0,5.0573578648837545,4.691012719612542
4,1962.8618925831202,631.0664961636828,4.0,5.882598682735284,5.308457542706908
5,2050.8,1834.0416666666667,5.0,3.081125335544358,3.126221983303311
6,1788.8095238095239,953.5238095238095,6.0,2.0146853144101127,2.499886618744131
7,1755.7281323877069,771.6548463356974,7.0,6.064221942259321,5.589928372355567
8,2058.5072463768115,1814.5652173913043,8.0,2.9396006255696014,3.7839411279758832
