,x,y,t,xE,yE
0,319.88682055100526,519.7587490692481,0.0,0.01794135375664718,0.003155692656664975
1,346.3451995685006,567.8314662683596,1.0,0.08248770409383852,0.0009577937833058568
2,828.8070281874184,568.0392477132723,2.0,0.1161616768797403,0.059112942465416096
3,635.0050134079517,359.8106564066691,3.0,0.10257438356140716,0.0022940373311459666
4,876.9991320281608,568.1485196258076,4.0,0.09709121183429896,0.09954003397084557
5,354.65989192676835,507.27526413420435,5.0,0.12357264016078158,0.015421614519309552
