,x,y,t,xE,yE
0,571.0858895705524,492.75153374233133,0.0,0.019373587342383158,0.1199547949629116
1,827.1088195077483,369.6573609845031,1.0,0.05881950774830783,0.12388901549689989
2,790.4859577532405,333.551368218915,2.0,0.11720775324054102,0.07363178108499822
3,599.3078380084784,507.2842067286011,3.0,0.14381684445720624,0.2254934477657663
4,569.2116581331233,566.2064986215045,4.0,1.8672009272794337,3.6729415745246
5,139.00192954064485,663.3380430723265,5.0,0.05521331649800507,0.028519262802704018
6,544.9978785900784,508.2599543080939,6.0,0.18856208788774392,0.07902874275357577
7,813.4196004993756,344.21011235955046,7.0,0.07917496746073965,0.004438600685216362
