time,radius,xPos,yPos
2025-08-11T21:10:38,457.3730335465464,511.71477909872834,511.4556031217445
