time,radius,xPos,yPos
2025-08-04T04:52:38,469.12943455518376,511.77191447409757,511.52071806257385
