time,radius,xPos,yPos
2025-08-13T23:22:38,470.64457313572234,511.7339262812597,511.56008615700165
