time,radius,xPos,yPos
2025-08-08T21:28:38,469.7913309768285,511.738560359352,511.5063527671343
