,x,y,t,xE,yE
0,845.1693548387096,564.1129032258065,0.0,4.416589767588196,7.087255346428084
1,341.76,511.24,1.0,1.9955951493226276,1.9955951493226276
2,592.3208556149733,358.85561497326205,2.0,3.9777110709778434,3.7395856130909433
3,306.1447811447811,570.1851851851852,3.0,5.426203542511313,4.374249263077962
4,794.7570977917981,566.2618296529969,4.0,3.856371077364809,6.6601285828952275
5,280.314606741573,521.2134831460675,5.0,2.5510319816087184,2.774166177440173
6,301.987012987013,508.6168831168831,6.0,3.708514269992827,3.536815744382927
7,321.99305555555554,508.84722222222223,7.0,3.514842591263231,3.2645389423581452
8,822.0135135135135,549.1891891891892,8.0,2.3908227874873402,2.486045789383243
