time,radius,xPos,yPos
2025-08-07T04:52:38,456.9248565371066,511.76390624204464,511.4350948330726
