time,radius,xPos,yPos
2025-08-15T15:22:38,471.6564145079132,511.5252664100503,511.4080529952559
