time,radius,xPos,yPos
2025-08-06T18:52:38,456.81610686308585,511.6353558171318,511.28951458498165
