time,radius,xPos,yPos
2025-08-07T04:52:38,469.3462496504206,511.6680715363574,511.5380116348293
