time,radius,xPos,yPos
2025-08-04T15:40:38,469.85820421578376,511.6516228553584,511.38888823177837
